Key,Model,Rows,Features,Sections,CV R2,CV R2 Std,CV RMSE,CV MAE,CV MAPE,RKF R2,RKF R2 Std,RKF RMSE,RKF MAE
S2_B,Gradient Boosting,1072,11,157,0.8866,0.0556,0.189,0.1064,10.61,0.9018,0.0403,0.1759,0.0929
S4_B,Random Forest,744,12,115,0.8838,0.1455,0.1961,0.1028,10.33,0.8828,0.058,0.197,0.0923
S3_B,Random Forest,765,11,118,0.8824,0.0798,0.195,0.1039,10.29,0.8969,0.0628,0.1826,0.091
S2_B,Random Forest,1072,11,157,0.8749,0.0694,0.1985,0.1061,10.39,0.8877,0.0481,0.1881,0.0932
S3_B,XGBoost,765,11,118,0.8741,0.0883,0.2018,0.1094,10.77,0.8887,0.0551,0.1897,0.0944
S3_B,Gradient Boosting,765,11,118,0.8719,0.071,0.2035,0.1136,11.37,0.893,0.0655,0.186,0.0919
S2_B,XGBoost,1072,11,157,0.8713,0.0693,0.2013,0.1092,10.6,0.8932,0.0479,0.1834,0.0935
S4_B,Gradient Boosting,744,12,115,0.869,0.1454,0.2083,0.1149,11.51,0.8808,0.0593,0.1987,0.0963
S4_B,XGBoost,744,12,115,0.8603,0.1814,0.2151,0.1123,11.28,0.8679,0.0707,0.2091,0.1003
S1_B,Random Forest,1921,10,216,0.8433,0.0427,0.2299,0.123,10.91,0.8458,0.0391,0.228,0.1169
S1_B,Gradient Boosting,1921,10,216,0.8296,0.0495,0.2398,0.1281,11.09,0.8453,0.0335,0.2284,0.1206
S1_B,XGBoost,1921,10,216,0.8257,0.0554,0.2425,0.1322,11.56,0.8372,0.0517,0.2344,0.1214
S2_A,Random Forest,1101,10,157,0.5285,0.2272,0.3863,0.2593,26.87,0.8219,0.0475,0.2374,0.1285
S2_A,Gradient Boosting,1101,10,157,0.5174,0.2267,0.3909,0.2615,26.45,0.8167,0.0374,0.2409,0.1496
S4_A,Random Forest,762,11,115,0.5104,0.3611,0.4035,0.2647,28.34,0.8595,0.0375,0.2161,0.115
S2_A,XGBoost,1101,10,157,0.4716,0.227,0.409,0.2739,27.47,0.8514,0.0357,0.2169,0.1155
S3_A,XGBoost,785,10,118,0.471,0.2744,0.4236,0.2665,26.94,0.8018,0.0981,0.2593,0.123
S3_A,Random Forest,785,10,118,0.4463,0.3044,0.4334,0.2613,27.07,0.7814,0.0827,0.2723,0.1291
S2_B,Linear Regression,1072,11,157,0.429,0.1341,0.4241,0.291,29.68,0.453,0.1482,0.4151,0.2839
S2_A,Linear Regression,1101,10,157,0.4167,0.1299,0.4297,0.2976,30.62,0.4471,0.1142,0.4184,0.2883
S4_A,XGBoost,762,11,115,0.4059,0.2888,0.4445,0.2858,28.61,0.8733,0.0537,0.2052,0.1078
S1_A,Random Forest,1977,9,216,0.3945,0.1975,0.4555,0.294,27.46,0.7163,0.0598,0.3117,0.1792
S4_A,Gradient Boosting,762,11,115,0.3826,0.3806,0.4531,0.2937,31.15,0.8553,0.0508,0.2194,0.1279
S1_A,Gradient Boosting,1977,9,216,0.3821,0.1674,0.4601,0.3113,28.82,0.6476,0.0684,0.3475,0.2237
S4_B,Linear Regression,744,12,115,0.3756,0.6113,0.4547,0.3079,32.75,0.42,0.1095,0.4383,0.2954
S3_B,Linear Regression,765,11,118,0.3626,0.2721,0.454,0.3062,32.38,0.4264,0.0899,0.4307,0.2906
S1_A,XGBoost,1977,9,216,0.3601,0.1574,0.4682,0.3084,27.6,0.7589,0.0674,0.2874,0.1638
S4_A,Linear Regression,762,11,115,0.3595,0.3251,0.4615,0.3099,33.02,0.4213,0.0979,0.4387,0.2974
S3_A,Gradient Boosting,785,10,118,0.343,0.3077,0.4721,0.2963,30.76,0.766,0.1099,0.2817,0.147
S1_B,Linear Regression,1921,10,216,0.3152,0.1507,0.4807,0.3308,31.07,0.3378,0.071,0.4727,0.3245
S3_A,Linear Regression,785,10,118,0.3146,0.2874,0.4822,0.321,33.64,0.3975,0.1278,0.452,0.3002
S1_A,Linear Regression,1977,9,216,0.2886,0.1433,0.4937,0.3404,32.29,0.3184,0.0733,0.4832,0.3318
