Variable,Bin,N,Mean_residual,Std_residual
IRI range (m/km),< 1.0,502,-0.030208036920938836,0.11817467656348558
IRI range (m/km),1.0-2.0,212,0.022488285722972456,0.15629805135430264
IRI range (m/km),2.0-3.0,42,0.1373390294256665,0.3506001759040604
IRI range (m/km),> 3.0,9,0.3396041605207655,0.4589877518804352
Pavement age,< 10 yrs,138,-0.003628342911817028,0.07075223156479343
Pavement age,10-20 yrs,175,-0.003825200955073033,0.11287324550427247
Pavement age,20-30 yrs,222,-0.0043507273669715395,0.18297345905935064
Pavement age,> 30 yrs,230,0.002451050799825908,0.2214670090981221
ESAL quartile,Q1 (lowest),191,0.004202037175912513,0.1876816895593331
ESAL quartile,Q2,191,-0.006946675367588362,0.1093886245149695
ESAL quartile,Q3,191,-0.0004745737108260556,0.1963805830636836
ESAL quartile,Q4 (highest),192,-0.004986311495304114,0.16531165791749816
